,,,,,,,,,,,,,,,,,,,,,,,,,,,,,,,,,,,,,,,,,,,,,,,,,,,,,,,,,,,,,,,,,,,,,,,,,,,,,,,,,,,,,,,,,,,,,,,
STATE, FY 1939 , FY 1940 , FY 1941 , FY 1942 , FY 1943 , FY 1944 , FY 1945 , FY 1946 , FY 1947 , FY 1948 , FY 1949 , FY 1950 , FY 1951 , FY 1952 , FY 1953 , FY 1954 , FY 1955 , FY 1956 , FY 1957 , FY 1958 , FY 1959 , FY 1960 , FY 1961 , FY 1962 , FY 1963 , FY 1964 , FY 1965 , FY 1966 , FY 1967 , FY 1968 , FY 1969 , FY 1970 , FY 1971 , FY 1972 , FY 1973 , FY 1974 , FY 1975 , FY 1976 , FY 1977 , FY 1978 , FY 1979 , FY 1980 , FY 1981 , FY 1982 , FY 1983 , FY 1984 , FY 1985 , FY 1986 , FY 1987 , FY 1988 , FY 1989 , FY 1990 , FY 1991 , FY 1992 , FY 1993 , FY 1994 ,  FY 1995 , FY 1996 , FY 1997 , FY 1998 , FY 1999 , FY 2000 , FY 2001 , FY 2002 , FY 2003 , FY 2004 , FY 2005 , FY 2006 , FY 2007 , FY 2008 , FY 2009 , FY 2010 , FY 2011 , FY 2012 , FY 2013 , FY 2014 , FY 2015 , FY 2016 , FY 2017 , FY 2018 , FY 2019 , FY 2020 ,TOTAL TO DATE,,,,,,,,,,,,
ALABAMA,"$13,413 ","$21,099 ","$37,313 ","$40,725 ","$17,535 ","$14,087 ","$12,931 ","$12,022 ","$34,138 ","$128,575 ","$182,021 ","$179,616 ","$158,585 ","$318,977 ","$178,622 ","$201,049 ","$170,141 ","$248,630 ","$287,788 ","$300,023 ","$294,313 ","$278,170 ","$261,378 ","$253,431 ","$256,156 ","$316,230 ","$314,665 ","$357,412 ","$453,029 ","$513,705 ","$591,816 ","$614,979 ","$590,288 ","$674,543 ","$763,488 ","$854,683 ","$986,026 ","$1,071,274 ","$1,557,044 ","$1,170,401 ","$1,541,998 ","$1,674,506 ","$1,584,457 ","$2,082,033 ","$1,943,852 ","$1,587,402 ","$1,407,515 ","$1,893,480 ","$1,933,934 ","$1,947,404 ","$2,162,317 ","$2,097,739 ","$2,837,877 ","$2,633,853 ","$2,797,840 ","$3,247,648 ","$3,767,100 ","$3,661,845 ","$2,959,098 ","$2,751,489 ","$2,955,658 ","$3,439,539 ","$3,601,969 ","$3,338,621 ","$3,775,702 ","$3,663,087 ","$4,230,076 ","$4,081,371 ","$4,704,878 ","$5,443,049 ","$6,005,164 ","$8,354,569 ","$9,437,418 ","$9,010,087 ","$12,902,508 ","$18,395,311 ","$19,393,471 ","$17,265,640 ","$19,083,685 ","$19,360,421 ","$16,219,453 ","$14,178,844 ","$270,084,228 ",,,,,,,,,,,,
ALASKA,$0 ,$0 ,$0 ,"$20,600 ","$12,000 ","$9,000 ","$9,000 ","$12,000 ","$20,000 ","$25,000 ","$25,000 ","$25,000 ","$75,000 ","$75,000 ","$75,000 ","$75,000 ","$75,000 ","$90,000 ","$90,000 ","$90,000 ","$90,000 ","$790,000 ","$735,100 ","$698,500 ","$695,100 ","$781,394 ","$835,250 ","$960,300 ","$1,175,150 ","$1,316,000 ","$1,514,500 ","$1,582,250 ","$1,538,500 ","$1,578,346 ","$1,900,990 ","$2,202,610 ","$2,491,500 ","$2,692,800 ","$3,800,000 ","$2,793,000 ","$3,662,960 ","$3,998,480 ","$3,601,700 ","$5,168,800 ","$4,600,200 ","$3,804,500 ","$3,387,400 ","$4,768,347 ","$4,623,853 ","$4,815,000 ","$5,126,000 ","$5,032,000 ","$6,562,000 ","$6,414,000 ","$6,557,000 ","$7,608,519 ","$8,965,947 ","$8,426,926 ","$7,135,889 ","$6,634,495 ","$7,190,857 ","$8,490,358 ","$8,751,120 ","$7,983,824 ","$9,107,484 ","$8,648,602 ","$9,923,370 ","$9,994,513 ","$11,282,965 ","$13,022,846 ","$14,243,021 ","$20,172,237 ","$16,056,842 ","$15,403,917 ","$21,887,730 ","$32,511,089 ","$34,625,771 ","$29,532,768 ","$32,969,429 ","$33,455,771 ","$28,219,617 ","$24,970,580 ","$540,312,617 ",,,,,,,,,,,,
AMERICAN SAMOA,$0 ,$0 ,$0 ,$0 ,$0 ,$0 ,$0 ,$0 ,$0 ,$0 ,$0 ,$0 ,$0 ,$0 ,$0 ,$0 ,$0 ,$0 ,$0 ,$0 ,$0 ,$0 ,$0 ,$0 ,$0 ,$0 ,$0 ,$0 ,$0 ,$0 ,$0 ,$0 ,$0 ,$0 ,$0 ,$0 ,$0 ,$0 ,$0 ,$0 ,$0 ,$0 ,$0 ,$0 ,$0 ,$0 ,"$108,183 ","$153,901 ","$179,919 ","$183,166 ","$198,333 ","$195,333 ","$262,333 ","$251,000 ","$261,500 ","$303,469 ","$351,665 ","$337,296 ","$276,318 ","$258,014 ","$275,589 ","$321,947 ","$340,307 ","$313,426 ","$355,336 ","$338,410 ","$391,236 ","$387,764 ","$443,828 ","$515,686 ","$560,243 ","$787,446 ","$640,114 ","$618,513 ","$870,669 ","$1,267,963 ","$1,347,460 ","$1,158,529 ","$1,299,808 ","$1,328,563 ","$1,122,415 ","$1,002,785 ","$19,008,467 ",,,,,,,,,,,,
ARIZONA,"$18,612 ","$29,277 ","$47,980 ","$53,149 ","$23,345 ","$19,016 ","$17,052 ","$18,549 ","$48,050 ","$174,148 ","$223,866 ","$215,869 ","$188,020 ","$361,973 ","$213,059 ","$260,166 ","$213,812 ","$316,403 ","$361,638 ","$375,077 ","$364,662 ","$334,814 ","$315,613 ","$300,728 ","$304,942 ","$357,469 ","$375,742 ","$428,192 ","$524,929 ","$591,842 ","$686,511 ","$724,358 ","$708,765 ","$749,553 ","$901,001 ","$1,023,654 ","$1,141,170 ","$1,272,334 ","$1,828,705 ","$1,365,635 ","$1,793,538 ","$1,961,304 ","$1,807,400 ","$2,654,496 ","$2,395,725 ","$1,955,539 ","$1,746,659 ","$2,439,298 ","$2,431,787 ","$2,503,407 ","$2,663,185 ","$2,607,620 ","$3,568,477 ","$3,397,396 ","$3,518,300 ","$4,096,011 ","$4,810,876 ","$4,663,466 ","$3,844,910 ","$3,612,446 ","$3,878,105 ","$4,587,789 ","$4,932,992 ","$4,537,407 ","$5,197,532 ","$4,869,205 ","$5,683,004 ","$5,628,375 ","$6,558,655 ","$7,668,304 ","$8,353,890 ","$11,814,816 ","$9,341,738 ","$9,371,865 ","$13,238,992 ","$19,178,682 ","$20,405,240 ","$17,707,564 ","$21,858,466 ","$22,080,003 ","$18,738,872 ","$16,781,416 ","$318,364,431 ",,,,,,,,,,,,
ARKANSAS,"$10,207 ","$16,057 ","$27,925 ","$31,388 ","$13,885 ","$11,576 ","$10,313 ","$11,196 ","$28,722 ","$131,821 ","$180,247 ","$163,924 ","$144,561 ","$308,874 ","$165,665 ","$198,385 ","$171,134 ","$237,744 ","$277,295 ","$285,495 ","$272,939 ","$244,808 ","$227,664 ","$217,720 ","$221,291 ","$284,833 ","$285,182 ","$326,475 ","$407,647 ","$443,004 ","$510,276 ","$539,568 ","$511,925 ","$559,771 ","$673,554 ","$806,971 ","$936,743 ","$1,041,476 ","$1,493,687 ","$1,124,082 ","$1,460,430 ","$1,545,887 ","$1,454,124 ","$2,082,379 ","$1,867,565 ","$1,545,608 ","$1,372,541 ","$1,801,977 ","$1,796,568 ","$1,858,134 ","$2,063,400 ","$1,951,815 ","$2,700,036 ","$2,597,930 ","$2,491,639 ","$2,942,140 ","$3,459,868 ","$3,310,446 ","$2,805,861 ","$2,623,854 ","$2,820,365 ","$3,378,040 ","$3,913,825 ","$3,508,655 ","$4,010,228 ","$3,918,697 ","$4,445,118 ","$4,313,222 ","$4,939,856 ","$5,529,494 ","$6,311,468 ","$8,801,567 ","$7,104,687 ","$6,776,366 ","$9,775,406 ","$14,258,218 ","$13,962,632 ","$11,711,463 ","$13,272,093 ","$13,221,723 ","$10,826,338 ","$9,550,317 ","$223,638,011 ",,,,,,,,,,,,
CALIFORNIA,"$37,269 ","$58,625 ","$98,821 ","$111,801 ","$50,163 ","$41,555 ","$34,493 ","$39,413 ","$103,274 ","$374,283 ","$496,628 ","$478,584 ","$399,138 ","$785,792 ","$456,639 ","$542,508 ","$461,048 ","$685,222 ","$777,566 ","$809,942 ","$790,110 ","$715,651 ","$651,215 ","$625,103 ","$631,036 ","$774,823 ","$779,786 ","$899,376 ","$1,117,440 ","$1,262,787 ","$1,476,843 ","$1,549,714 ","$1,495,148 ","$1,598,883 ","$1,870,832 ","$2,131,495 ","$2,308,010 ","$2,511,184 ","$3,537,098 ","$2,566,275 ","$3,311,969 ","$3,556,260 ","$3,201,657 ","$4,567,309 ","$4,147,447 ","$3,395,108 ","$3,016,752 ","$4,139,627 ","$4,102,870 ","$4,200,586 ","$4,447,688 ","$4,375,320 ","$5,679,076 ","$5,334,984 ","$5,519,504 ","$6,337,297 ","$7,366,160 ","$7,048,485 ","$5,782,621 ","$5,365,616 ","$5,696,882 ","$6,610,254 ","$6,861,214 ","$6,381,792 ","$7,238,447 ","$6,910,043 ","$8,006,336 ","$7,857,386 ","$8,964,724 ","$10,360,873 ","$11,347,347 ","$15,898,936 ","$12,757,572 ","$12,282,822 ","$17,298,413 ","$25,301,091 ","$26,808,714 ","$22,913,160 ","$25,602,136 ","$26,037,993 ","$21,988,681 ","$19,541,968 ","$443,698,693 ",,,,,,,,,,,,
COLORADO,"$22,439 ","$35,297 ","$60,516 ","$70,421 ","$30,815 ","$25,183 ","$23,654 ","$27,382 ","$70,204 ","$261,843 ","$369,471 ","$324,399 ","$275,418 ","$529,340 ","$311,023 ","$381,383 ","$312,276 ","$466,141 ","$485,843 ","$455,707 ","$436,366 ","$351,939 ","$336,664 ","$411,851 ","$349,147 ","$375,322 ","$428,470 ","$495,250 ","$605,200 ","$675,934 ","$786,186 ","$768,104 ","$779,768 ","$820,454 ","$1,001,120 ","$1,121,016 ","$1,267,454 ","$1,444,173 ","$2,006,254 ","$1,519,948 ","$1,954,944 ","$2,159,879 ","$1,957,394 ","$2,848,275 ","$2,628,293 ","$2,195,924 ","$1,985,328 ","$2,625,612 ","$2,617,742 ","$2,676,568 ","$2,910,601 ","$2,891,078 ","$3,947,068 ","$3,752,213 ","$3,891,769 ","$4,390,811 ","$5,190,974 ","$4,916,985 ","$4,049,890 ","$4,027,413 ","$4,355,206 ","$5,165,816 ","$5,207,659 ","$4,825,397 ","$5,531,602 ","$4,877,855 ","$5,984,357 ","$6,177,940 ","$6,800,074 ","$7,830,531 ","$8,551,203 ","$11,874,095 ","$9,518,861 ","$9,294,002 ","$13,164,031 ","$19,083,986 ","$20,211,205 ","$17,257,494 ","$19,418,582 ","$19,872,123 ","$16,885,597 ","$15,125,584 ","$321,151,336 ",,,,,,,,,,,,
CONNECTICUT,"$2,499 ","$3,931 ","$5,853 ","$7,146 ","$3,044 ","$2,672 ","$2,539 ","$5,000 ","$6,537 ","$41,319 ","$53,903 ","$49,567 ","$43,368 ","$85,955 ","$50,126 ","$58,923 ","$48,984 ","$71,400 ","$81,180 ","$84,870 ","$82,000 ","$79,000 ","$73,510 ","$69,850 ","$69,510 ","$78,139 ","$83,525 ","$96,030 ","$117,515 ","$131,600 ","$151,450 ","$158,225 ","$153,850 ","$234,252 ","$270,144 ","$308,446 ","$345,463 ","$391,137 ","$595,768 ","$460,134 ","$595,955 ","$631,809 ","$651,970 ","$828,344 ","$805,235 ","$663,849 ","$599,027 ","$754,368 ","$812,388 ","$787,562 ","$883,475 ","$875,875 ","$1,247,659 ","$1,146,756 ","$1,238,943 ","$1,438,073 ","$1,613,899 ","$1,608,855 ","$1,235,982 ","$1,164,243 ","$1,206,698 ","$1,377,963 ","$1,468,648 ","$1,385,216 ","$1,546,663 ","$1,486,607 ","$1,742,114 ","$1,676,856 ","$1,960,134 ","$2,304,693 ","$2,475,883 ","$3,389,003 ","$2,893,519 ","$2,802,447 ","$3,882,606 ","$5,458,083 ","$5,777,433 ","$5,038,584 ","$5,702,335 ","$5,901,190 ","$4,998,992 ","$4,538,381 ","$93,256,679 ",,,,,,,,,,,,
DELAWARE,"$1,365 ","$2,148 ","$3,068 ","$3,420 ","$1,418 ","$1,208 ","$1,054 ","$5,000 ","$5,000 ","$41,319 ","$53,903 ","$49,567 ","$43,368 ","$85,955 ","$50,126 ","$58,923 ","$48,984 ","$71,400 ","$81,180 ","$84,870 ","$82,000 ","$79,000 ","$73,510 ","$69,850 ","$69,510 ","$78,139 ","$83,525 ","$96,030 ","$117,515 ","$131,600 ","$151,450 ","$158,225 ","$153,850 ","$190,326 ","$224,132 ","$257,755 ","$290,100 ","$322,650 ","$474,500 ","$358,500 ","$466,880 ","$501,440 ","$487,970 ","$669,700 ","$629,400 ","$519,500 ","$466,450 ","$613,007 ","$637,343 ","$634,500 ","$698,000 ","$689,500 ","$950,500 ","$892,500 ","$945,500 ","$1,097,348 ","$1,253,007 ","$1,223,381 ","$973,154 ","$912,282 ","$961,369 ","$1,111,848 ","$1,203,184 ","$1,124,412 ","$1,262,950 ","$1,210,263 ","$1,408,838 ","$1,372,361 ","$1,588,938 ","$1,855,483 ","$2,004,425 ","$2,795,702 ","$2,316,511 ","$2,251,081 ","$3,142,757 ","$4,494,878 ","$4,767,143 ","$4,128,477 ","$4,652,531 ","$4,785,824 ","$4,048,853 ","$3,647,470 ","$75,552,103 ",,,,,,,,,,,,
FLORIDA,"$12,239 ","$19,253 ","$31,225 ","$34,099 ","$15,291 ","$12,375 ","$11,062 ","$11,435 ","$31,286 ","$111,341 ","$148,949 ","$140,906 ","$121,215 ","$232,085 ","$133,265 ","$157,901 ","$131,738 ","$196,670 ","$227,371 ","$237,317 ","$234,066 ","$222,613 ","$211,330 ","$201,733 ","$202,206 ","$248,215 ","$257,425 ","$303,964 ","$377,383 ","$423,908 ","$489,760 ","$517,233 ","$504,230 ","$623,551 ","$735,516 ","$862,435 ","$957,248 ","$1,069,390 ","$1,580,898 ","$1,170,770 ","$1,525,232 ","$1,644,285 ","$1,593,318 ","$2,163,103 ","$2,025,992 ","$1,675,794 ","$1,502,760 ","$1,996,957 ","$2,082,922 ","$2,065,303 ","$2,223,558 ","$2,203,736 ","$3,009,221 ","$2,787,453 ","$2,890,363 ","$3,314,457 ","$3,766,482 ","$3,681,160 ","$2,911,368 ","$2,656,509 ","$2,902,617 ","$3,232,040 ","$3,646,351 ","$3,444,451 ","$3,746,895 ","$3,668,356 ","$4,237,774 ","$4,045,582 ","$4,633,713 ","$5,461,935 ","$5,967,322 ","$8,606,619 ","$6,884,795 ","$6,686,459 ","$9,399,856 ","$13,438,658 ","$14,179,497 ","$12,264,952 ","$13,978,911 ","$14,351,398 ","$12,111,926 ","$10,977,121 ","$228,798,098 ",,,,,,,,,,,,
GEORGIA,"$13,015 ","$20,473 ","$32,645 ","$37,902 ","$17,207 ","$13,187 ","$10,977 ","$10,806 ","$29,850 ","$116,024 ","$167,736 ","$157,435 ","$140,741 ","$246,602 ","$144,926 ","$264,688 ","$226,764 ","$343,477 ","$401,083 ","$269,948 ","$268,941 ","$256,549 ","$242,624 ","$233,767 ","$235,903 ","$291,789 ","$299,066 ","$350,777 ","$446,085 ","$525,879 ","$595,837 ","$617,680 ","$590,111 ","$700,533 ","$815,284 ","$932,099 ","$1,085,177 ","$1,201,987 ","$1,758,496 ","$1,331,147 ","$1,735,268 ","$1,895,482 ","$1,804,102 ","$2,543,993 ","$2,360,158 ","$1,897,037 ","$1,717,332 ","$2,316,208 ","$2,427,229 ","$2,486,299 ","$2,761,933 ","$2,709,788 ","$3,707,766 ","$3,313,933 ","$3,464,858 ","$4,046,126 ","$4,607,346 ","$4,473,261 ","$3,627,789 ","$3,356,902 ","$3,587,495 ","$4,120,378 ","$4,373,894 ","$4,054,000 ","$4,581,108 ","$4,464,492 ","$5,165,236 ","$4,901,246 ","$5,714,593 ","$7,260,181 ","$6,869,640 ","$9,882,680 ","$8,138,912 ","$8,049,760 ","$11,923,238 ","$17,276,833 ","$18,777,937 ","$19,312,410 ","$22,240,949 ","$23,213,465 ","$20,190,369 ","$17,471,530 ","$304,268,373 ",,,,,,,,,,,,
GUAM,$0 ,$0 ,$0 ,$0 ,$0 ,$0 ,$0 ,$0 ,$0 ,$0 ,$0 ,$0 ,$0 ,$0 ,$0 ,$0 ,$0 ,$0 ,$0 ,"$12,000 ","$12,000 ","$12,000 ","$10,000 ","$10,000 ","$10,000 ","$10,000 ","$10,000 ","$10,000 ","$10,000 ","$10,000 ","$10,000 ","$10,000 ","$10,000 ","$51,408 ","$62,106 ","$72,032 ","$81,533 ","$87,783 ","$123,167 ","$90,167 ","$118,373 ","$129,520 ","$115,323 ","$166,633 ","$147,067 ","$121,666 ","$108,183 ","$153,901 ","$179,919 ","$183,166 ","$198,333 ","$195,333 ","$262,333 ","$251,000 ","$261,500 ","$303,469 ","$351,665 ","$337,296 ","$276,318 ","$258,014 ","$275,589 ","$321,947 ","$340,307 ","$313,426 ","$355,336 ","$338,410 ","$391,236 ","$387,764 ","$443,828 ","$515,686 ","$560,243 ","$787,446 ","$640,114 ","$618,513 ","$870,669 ","$1,267,963 ","$1,347,460 ","$1,158,529 ","$1,299,808 ","$1,328,563 ","$1,122,415 ","$1,002,785 ","$20,521,245 ",,,,,,,,,,,,
HAWAII,$0 ,$0 ,$0 ,$0 ,$0 ,$0 ,$0 ,"$5,000 ","$10,000 ","$10,000 ","$10,000 ","$10,000 ","$25,000 ","$25,000 ","$25,000 ","$25,000 ","$25,000 ","$30,000 ","$30,000 ","$84,870 ","$82,000 ","$79,000 ","$73,510 ","$69,850 ","$69,510 ","$78,139 ","$83,525 ","$96,030 ","$117,515 ","$131,600 ","$151,450 ","$158,225 ","$153,850 ","$190,326 ","$224,132 ","$257,755 ","$290,100 ","$322,650 ","$474,500 ","$358,500 ","$466,880 ","$501,440 ","$487,970 ","$669,700 ","$629,400 ","$519,500 ","$466,450 ","$613,007 ","$637,343 ","$634,500 ","$698,000 ","$689,500 ","$950,500 ","$892,500 ","$945,500 ","$1,097,348 ","$1,253,007 ","$1,223,381 ","$973,154 ","$912,282 ","$961,369 ","$1,111,848 ","$1,203,184 ","$1,124,412 ","$1,261,676 ","$1,207,123 ","$1,405,099 ","$1,372,361 ","$1,588,938 ","$1,855,483 ","$2,004,425 ","$2,795,702 ","$2,316,511 ","$2,263,862 ","$3,156,422 ","$4,516,558 ","$4,767,143 ","$4,128,477 ","$4,652,531 ","$4,785,824 ","$4,083,070 ","$3,678,793 ","$75,279,210 ",,,,,,,,,,,,
IDAHO,"$17,841 ","$28,064 ","$48,742 ","$52,386 ","$23,019 ","$18,416 ","$17,212 ","$19,060 ","$48,674 ","$184,351 ","$222,195 ","$205,083 ","$178,218 ","$346,423 ","$203,710 ","$240,362 ","$197,987 ","$288,553 ","$330,805 ","$314,563 ","$314,351 ","$296,603 ","$283,299 ","$260,545 ","$261,529 ","$312,449 ","$330,815 ","$358,467 ","$449,197 ","$506,919 ","$579,373 ","$612,244 ","$604,073 ","$654,307 ","$769,873 ","$905,645 ","$1,034,992 ","$1,129,038 ","$1,522,102 ","$1,139,899 ","$1,494,775 ","$1,623,172 ","$1,525,577 ","$2,172,231 ","$2,000,159 ","$1,627,212 ","$1,458,152 ","$2,028,818 ","$2,021,220 ","$2,060,335 ","$2,233,808 ","$2,136,267 ","$2,861,147 ","$2,781,136 ","$2,853,875 ","$3,341,360 ","$3,963,032 ","$3,744,266 ","$3,087,038 ","$2,892,088 ","$3,125,933 ","$3,646,285 ","$3,846,148 ","$3,541,687 ","$4,040,511 ","$3,843,730 ","$4,472,883 ","$4,487,289 ","$5,118,080 ","$5,916,124 ","$6,485,573 ","$8,999,811 ","$7,218,764 ","$6,944,524 ","$9,861,700 ","$14,630,813 ","$15,584,921 ","$13,299,962 ","$15,029,712 ","$15,474,320 ","$13,238,818 ","$11,763,645 ","$243,788,284 ",,,,,,,,,,,,
ILLINOIS,"$26,140 ","$41,119 ","$67,007 ","$78,082 ","$34,021 ","$26,862 ","$23,673 ","$23,819 ","$62,430 ","$212,641 ","$290,102 ","$270,192 ","$237,398 ","$501,827 ","$289,590 ","$323,304 ","$265,766 ","$400,439 ","$446,688 ","$466,352 ","$456,468 ","$394,057 ","$364,985 ","$346,453 ","$335,384 ","$427,040 ","$415,203 ","$481,463 ","$578,436 ","$627,457 ","$732,246 ","$771,745 ","$660,884 ","$792,863 ","$941,430 ","$1,143,704 ","$1,278,517 ","$1,385,191 ","$1,934,969 ","$1,545,762 ","$1,963,165 ","$1,973,590 ","$1,840,477 ","$2,416,884 ","$2,179,659 ","$1,832,358 ","$1,614,668 ","$2,175,015 ","$2,229,956 ","$2,217,781 ","$2,443,057 ","$2,428,910 ","$3,339,279 ","$3,144,388 ","$3,366,603 ","$3,821,004 ","$4,391,567 ","$4,290,178 ","$3,462,969 ","$3,265,326 ","$3,442,045 ","$3,923,826 ","$4,176,153 ","$3,891,429 ","$4,400,997 ","$4,139,926 ","$4,857,279 ","$5,018,151 ","$5,778,662 ","$6,665,600 ","$7,254,248 ","$9,788,145 ","$8,262,303 ","$7,973,254 ","$11,180,042 ","$16,112,487 ","$16,981,518 ","$14,452,361 ","$16,115,520 ","$16,335,080 ","$13,732,772 ","$12,392,851 ","$270,973,192 ",,,,,,,,,,,,
INDIANA,"$33,210 ","$52,240 ","$73,831 ","$75,403 ","$34,603 ","$26,946 ","$23,653 ","$25,210 ","$68,538 ","$208,422 ","$228,993 ","$225,480 ","$187,187 ","$369,833 ","$230,963 ","$236,300 ","$203,557 ","$304,476 ","$355,644 ","$499,620 ","$467,647 ","$417,763 ","$358,380 ","$356,758 ","$333,495 ","$459,267 ","$423,877 ","$494,326 ","$582,392 ","$577,977 ","$596,979 ","$617,358 ","$607,150 ","$723,759 ","$845,670 ","$979,958 ","$1,072,102 ","$1,186,876 ","$1,719,192 ","$1,275,164 ","$1,636,016 ","$1,720,594 ","$1,614,636 ","$2,091,284 ","$1,908,884 ","$1,611,952 ","$1,428,744 ","$1,849,715 ","$1,895,937 ","$1,832,425 ","$2,045,976 ","$2,035,178 ","$2,830,564 ","$2,711,845 ","$2,891,556 ","$3,420,802 ","$3,890,622 ","$3,825,806 ","$3,076,573 ","$2,741,610 ","$2,860,460 ","$3,381,836 ","$3,605,023 ","$3,359,147 ","$3,757,147 ","$3,552,883 ","$3,890,090 ","$3,946,507 ","$4,739,124 ","$5,378,285 ","$5,836,724 ","$8,061,819 ","$6,716,916 ","$6,593,960 ","$9,223,682 ","$13,185,554 ","$13,982,134 ","$11,993,245 ","$13,302,902 ","$13,573,699 ","$11,384,459 ","$10,259,479 ","$227,205,993 ",,,,,,,,,,,,
IOWA,"$16,859 ","$26,520 ","$48,117 ","$54,319 ","$24,998 ","$20,906 ","$18,505 ","$19,219 ","$52,180 ","$201,526 ","$231,119 ","$207,716 ","$197,389 ","$389,799 ","$223,522 ","$257,742 ","$207,885 ","$311,581 ","$351,096 ","$375,136 ","$363,289 ","$310,713 ","$297,576 ","$269,761 ","$265,943 ","$329,492 ","$312,600 ","$371,112 ","$447,809 ","$476,777 ","$563,366 ","$588,253 ","$580,170 ","$648,958 ","$784,604 ","$944,523 ","$1,000,457 ","$1,097,663 ","$1,629,501 ","$1,207,043 ","$1,611,049 ","$1,686,970 ","$1,556,811 ","$2,039,244 ","$1,881,711 ","$1,551,912 ","$1,345,922 ","$1,816,891 ","$1,776,721 ","$1,786,698 ","$1,960,474 ","$1,980,262 ","$2,604,693 ","$2,540,709 ","$2,628,161 ","$3,080,183 ","$3,444,394 ","$3,246,869 ","$2,800,388 ","$2,643,456 ","$2,860,708 ","$3,359,777 ","$3,442,710 ","$3,156,428 ","$3,581,704 ","$3,330,454 ","$4,037,099 ","$4,120,414 ","$4,626,794 ","$5,447,573 ","$5,951,501 ","$7,592,773 ","$6,424,735 ","$5,737,185 ","$7,772,276 ","$11,369,276 ","$11,945,027 ","$10,069,154 ","$11,333,962 ","$11,515,178 ","$9,811,372 ","$8,678,088 ","$205,873,450 ",,,,,,,,,,,,
KANSAS,"$16,910 ","$26,599 ","$42,745 ","$48,668 ","$21,426 ","$17,910 ","$15,852 ","$16,905 ","$44,756 ","$169,585 ","$224,471 ","$214,439 ","$183,773 ","$363,687 ","$216,372 ","$254,161 ","$212,105 ","$283,923 ","$326,023 ","$340,231 ","$314,370 ","$300,297 ","$298,320 ","$285,640 ","$281,325 ","$330,860 ","$335,287 ","$375,405 ","$454,157 ","$510,127 ","$599,508 ","$635,425 ","$610,389 ","$674,317 ","$799,347 ","$936,469 ","$1,050,075 ","$1,129,318 ","$1,612,967 ","$1,187,070 ","$1,553,901 ","$1,693,296 ","$1,585,206 ","$2,261,879 ","$2,016,800 ","$1,671,686 ","$1,520,598 ","$2,092,504 ","$1,956,469 ","$2,017,286 ","$2,193,761 ","$2,154,519 ","$2,652,189 ","$2,558,722 ","$2,674,668 ","$3,044,380 ","$3,542,579 ","$3,443,866 ","$2,852,596 ","$2,624,336 ","$2,859,097 ","$3,476,842 ","$3,593,167 ","$3,313,795 ","$3,788,859 ","$3,492,399 ","$4,130,946 ","$4,134,808 ","$4,666,131 ","$5,479,215 ","$5,996,454 ","$8,371,512 ","$6,707,694 ","$6,711,357 ","$9,465,803 ","$14,324,879 ","$15,059,994 ","$12,833,780 ","$14,334,290 ","$14,646,057 ","$12,381,483 ","$11,040,454 ","$232,681,471 ",,,,,,,,,,,,
KENTUCKY,"$12,156 ","$19,122 ","$31,942 ","$33,031 ","$16,229 ","$11,310 ","$9,235 ","$9,992 ","$25,666 ","$99,038 ","$152,603 ","$147,327 ","$131,068 ","$272,188 ","$157,740 ","$187,680 ","$148,607 ","$223,375 ","$252,880 ","$269,269 ","$261,041 ","$249,519 ","$219,419 ","$207,909 ","$201,952 ","$243,061 ","$236,118 ","$268,815 ","$331,790 ","$381,726 ","$447,224 ","$454,783 ","$440,409 ","$524,004 ","$622,400 ","$728,437 ","$826,278 ","$913,323 ","$1,353,467 ","$1,038,620 ","$1,369,846 ","$1,476,369 ","$1,395,091 ","$1,916,285 ","$1,764,271 ","$1,463,691 ","$1,322,773 ","$1,765,986 ","$1,809,161 ","$1,836,405 ","$2,048,382 ","$2,011,116 ","$2,709,324 ","$2,589,506 ","$2,683,385 ","$3,080,648 ","$3,542,526 ","$3,364,656 ","$2,720,142 ","$2,520,998 ","$2,644,608 ","$3,117,435 ","$3,273,091 ","$3,381,505 ","$3,808,948 ","$3,734,407 ","$4,312,192 ","$4,188,001 ","$4,822,645 ","$5,633,083 ","$6,156,037 ","$8,449,172 ","$6,727,553 ","$6,582,966 ","$9,272,228 ","$13,387,289 ","$14,369,716 ","$12,432,857 ","$13,914,162 ","$14,127,290 ","$11,874,003 ","$10,566,545 ","$222,327,046 ",,,,,,,,,,,,
LOUISIANA,"$11,905 ","$18,728 ","$32,688 ","$36,502 ","$17,462 ","$15,163 ","$13,012 ","$12,946 ","$35,275 ","$133,932 ","$161,963 ","$155,851 ","$144,311 ","$297,089 ","$173,149 ","$196,126 ","$151,434 ","$242,062 ","$268,480 ","$278,979 ","$287,878 ","$261,916 ","$240,189 ","$232,862 ","$222,672 ","$274,207 ","$274,598 ","$318,658 ","$397,015 ","$442,651 ","$522,691 ","$559,768 ","$542,376 ","$648,367 ","$765,593 ","$887,715 ","$990,228 ","$1,084,564 ","$1,536,406 ","$1,164,273 ","$1,570,589 ","$1,688,271 ","$1,615,753 ","$2,316,438 ","$2,155,101 ","$1,786,844 ","$1,637,712 ","$2,153,264 ","$2,215,889 ","$2,171,840 ","$2,238,910 ","$2,161,979 ","$2,823,555 ","$2,612,553 ","$2,780,156 ","$3,197,548 ","$3,688,299 ","$3,561,515 ","$2,871,539 ","$2,627,479 ","$2,792,816 ","$3,269,918 ","$3,568,107 ","$3,364,827 ","$3,707,453 ","$3,516,769 ","$4,108,925 ","$4,136,453 ","$4,737,914 ","$5,423,425 ","$6,122,044 ","$8,750,809 ","$7,114,205 ","$6,884,437 ","$10,045,715 ","$14,837,218 ","$15,878,957 ","$13,708,874 ","$15,525,062 ","$15,884,383 ","$13,432,035 ","$12,135,141 ","$240,872,405 ",,,,,,,,,,,,
MAINE,"$11,031 ","$17,352 ","$27,262 ","$30,371 ","$13,238 ","$10,656 ","$9,710 ","$11,443 ","$28,365 ","$94,909 ","$118,312 ","$100,170 ","$93,633 ","$197,952 ","$119,171 ","$137,062 ","$114,473 ","$165,125 ","$189,789 ","$193,345 ","$184,600 ","$170,569 ","$159,170 ","$154,103 ","$155,254 ","$189,676 ","$186,486 ","$216,387 ","$268,002 ","$299,756 ","$353,189 ","$369,111 ","$357,209 ","$387,570 ","$471,959 ","$526,530 ","$588,657 ","$643,393 ","$944,455 ","$722,472 ","$923,907 ","$1,026,074 ","$962,542 ","$1,383,103 ","$1,212,357 ","$1,014,236 ","$931,651 ","$1,228,979 ","$1,214,636 ","$1,235,986 ","$1,325,326 ","$1,308,008 ","$1,807,347 ","$1,712,412 ","$1,759,628 ","$2,045,713 ","$2,405,563 ","$2,280,388 ","$1,870,172 ","$1,708,406 ","$1,814,209 ","$2,147,882 ","$2,350,572 ","$2,184,511 ","$2,432,581 ","$2,219,066 ","$2,675,874 ","$2,712,712 ","$3,016,568 ","$3,465,067 ","$3,789,719 ","$5,407,831 ","$4,229,351 ","$4,063,348 ","$5,761,219 ","$8,163,062 ","$8,407,092 ","$7,162,578 ","$7,964,547 ","$8,055,283 ","$6,801,597 ","$6,021,040 ","$139,234,060 ",,,,,,,,,,,,
MARYLAND,"$5,921 ","$9,314 ","$15,857 ","$17,372 ","$7,183 ","$5,914 ","$5,505 ","$5,667 ","$15,403 ","$55,088 ","$71,642 ","$64,945 ","$53,702 ","$110,135 ","$63,769 ","$73,968 ","$64,166 ","$97,975 ","$108,448 ","$115,996 ","$112,773 ","$105,732 ","$100,633 ","$92,876 ","$93,030 ","$122,600 ","$114,497 ","$135,891 ","$168,638 ","$195,846 ","$230,063 ","$242,818 ","$224,703 ","$329,326 ","$381,069 ","$445,373 ","$486,674 ","$537,820 ","$819,836 ","$620,111 ","$826,926 ","$848,352 ","$847,387 ","$1,102,290 ","$1,061,777 ","$881,317 ","$806,116 ","$1,013,803 ","$1,100,759 ","$1,084,096 ","$1,217,198 ","$1,206,508 ","$1,734,583 ","$1,539,513 ","$1,695,469 ","$1,969,138 ","$2,211,356 ","$2,179,713 ","$1,672,239 ","$1,539,516 ","$1,581,934 ","$1,812,194 ","$1,972,019 ","$1,871,410 ","$2,066,965 ","$1,987,636 ","$2,313,018 ","$2,157,115 ","$2,581,731 ","$3,012,596 ","$3,284,345 ","$4,611,796 ","$3,798,780 ","$3,748,789 ","$5,207,434 ","$7,200,829 ","$7,674,842 ","$6,742,718 ","$7,545,171 ","$7,754,551 ","$6,592,492 ","$6,038,257 ","$124,622,957 ",,,,,,,,,,,,
MASSACHUSETTS,"$5,834 ","$9,177 ","$12,988 ","$16,501 ","$7,153 ","$6,144 ","$5,279 ","$6,064 ","$14,810 ","$59,574 ","$75,220 ","$64,557 ","$69,227 ","$105,739 ","$64,356 ","$65,027 ","$53,822 ","$81,319 ","$90,494 ","$92,026 ","$89,309 ","$82,930 ","$77,285 ","$72,795 ","$69,830 ","$91,444 ","$86,311 ","$103,589 ","$120,608 ","$149,591 ","$152,741 ","$178,308 ","$173,483 ","$262,528 ","$299,762 ","$341,075 ","$381,100 ","$441,250 ","$684,500 ","$534,500 ","$690,400 ","$727,200 ","$771,970 ","$1,009,300 ","$1,005,800 ","$828,500 ","$750,250 ","$915,611 ","$1,026,139 ","$974,500 ","$1,110,000 ","$1,111,341 ","$1,604,500 ","$1,450,500 ","$1,589,500 ","$1,845,116 ","$2,045,033 ","$2,069,356 ","$1,549,966 ","$1,465,244 ","$1,499,777 ","$1,695,875 ","$1,932,233 ","$1,845,915 ","$2,044,342 ","$1,974,680 ","$2,330,650 ","$2,208,601 ","$2,611,045 ","$3,089,160 ","$3,299,200 ","$4,529,149 ","$3,901,164 ","$3,833,227 ","$5,265,754 ","$7,258,798 ","$7,666,174 ","$6,740,034 ","$7,664,947 ","$7,986,372 ","$6,775,277 ","$6,203,940 ","$122,194,790 ",,,,,,,,,,,,
MICHIGAN,"$50,683 ","$79,726 ","$127,323 ","$143,947 ","$62,630 ","$54,146 ","$47,453 ","$51,202 ","$129,892 ","$413,189 ","$539,031 ","$441,776 ","$406,216 ","$859,552 ","$501,255 ","$558,090 ","$489,840 ","$714,000 ","$811,800 ","$848,700 ","$820,000 ","$487,519 ","$459,459 ","$753,040 ","$525,428 ","$638,340 ","$629,956 ","$709,035 ","$898,779 ","$1,033,071 ","$1,158,193 ","$1,188,370 ","$1,152,210 ","$1,272,303 ","$1,480,481 ","$1,559,471 ","$1,697,935 ","$1,972,966 ","$2,978,329 ","$2,225,524 ","$2,874,940 ","$3,180,100 ","$2,939,478 ","$4,186,124 ","$4,193,899 ","$3,491,327 ","$2,683,750 ","$3,777,606 ","$3,784,503 ","$3,964,293 ","$4,280,429 ","$4,158,064 ","$5,660,246 ","$6,228,209 ","$6,488,436 ","$7,560,552 ","$8,729,321 ","$8,333,877 ","$6,119,198 ","$5,823,180 ","$6,238,726 ","$7,349,739 ","$7,449,040 ","$6,765,477 ","$7,681,412 ","$7,181,520 ","$8,459,634 ","$8,158,817 ","$9,025,689 ","$10,649,276 ","$11,567,638 ","$18,241,472 ","$12,836,894 ","$12,303,439 ","$17,241,283 ","$25,028,297 ","$26,568,621 ","$22,443,457 ","$24,198,482 ","$24,296,525 ","$20,242,515 ","$17,997,307 ","$441,353,652 ",,,,,,,,,,,,
MINNESOTA,"$26,352 ","$41,453 ","$74,270 ","$76,662 ","$41,265 ","$28,500 ","$29,735 ","$31,557 ","$76,608 ","$262,710 ","$369,931 ","$286,791 ","$289,674 ","$563,650 ","$269,458 ","$384,389 ","$320,084 ","$442,749 ","$507,336 ","$540,636 ","$528,594 ","$368,368 ","$386,266 ","$485,917 ","$402,218 ","$444,846 ","$460,423 ","$548,032 ","$639,484 ","$688,030 ","$853,498 ","$893,551 ","$843,165 ","$843,473 ","$1,010,462 ","$1,120,870 ","$1,394,711 ","$1,496,688 ","$2,205,486 ","$1,651,702 ","$2,001,493 ","$2,413,884 ","$2,512,161 ","$3,185,351 ","$2,951,643 ","$2,472,248 ","$2,230,012 ","$2,866,365 ","$2,854,776 ","$3,059,297 ","$3,327,517 ","$3,298,398 ","$4,558,680 ","$4,338,364 ","$4,443,976 ","$5,241,024 ","$6,224,719 ","$5,990,608 ","$5,008,769 ","$4,600,979 ","$4,880,264 ","$5,633,453 ","$6,097,120 ","$5,742,969 ","$6,431,784 ","$6,203,606 ","$7,168,249 ","$7,032,747 ","$8,107,927 ","$9,435,902 ","$10,331,676 ","$14,568,141 ","$11,589,156 ","$11,151,096 ","$15,965,392 ","$23,340,709 ","$24,907,623 ","$20,719,919 ","$22,971,924 ","$23,400,370 ","$19,741,200 ","$17,592,212 ","$378,523,297 ",,,,,,,,,,,,
MISSISSIPPI,"$13,775 ","$21,668 ","$36,512 ","$39,711 ","$16,657 ","$14,610 ","$12,886 ","$10,473 ","$31,046 ","$119,691 ","$166,284 ","$161,952 ","$132,766 ","$263,926 ","$153,872 ","$170,614 ","$138,299 ","$205,820 ","$239,533 ","$238,133 ","$239,444 ","$221,897 ","$204,838 ","$194,243 ","$197,654 ","$239,424 ","$265,345 ","$301,055 ","$376,582 ","$438,074 ","$453,733 ","$480,616 ","$489,991 ","$552,887 ","$661,226 ","$793,622 ","$917,244 ","$971,571 ","$1,412,333 ","$1,058,334 ","$1,405,414 ","$1,459,387 ","$1,309,430 ","$1,849,872 ","$1,689,569 ","$1,383,739 ","$1,275,382 ","$1,727,088 ","$1,748,195 ","$1,778,823 ","$1,931,879 ","$1,910,686 ","$2,560,924 ","$2,418,637 ","$2,521,497 ","$2,952,141 ","$3,260,079 ","$3,082,299 ","$2,508,313 ","$2,327,397 ","$2,504,339 ","$2,953,368 ","$3,080,128 ","$2,881,368 ","$3,249,737 ","$3,106,745 ","$3,559,917 ","$3,503,402 ","$4,007,402 ","$4,559,596 ","$5,017,646 ","$6,713,524 ","$5,651,222 ","$5,069,672 ","$7,142,476 ","$10,471,290 ","$11,014,940 ","$10,729,644 ","$11,956,397 ","$12,144,757 ","$10,102,194 ","$9,092,443 ","$192,271,299 ",,,,,,,,,,,,
MISSOURI,"$20,248 ","$31,852 ","$55,692 ","$61,905 ","$27,883 ","$22,032 ","$19,725 ","$21,812 ","$57,591 ","$225,990 ","$271,750 ","$244,432 ","$211,781 ","$425,157 ","$251,208 ","$286,141 ","$228,631 ","$309,712 ","$369,989 ","$404,952 ","$395,325 ","$351,714 ","$325,758 ","$321,124 ","$291,985 ","$376,869 ","$372,927 ","$445,343 ","$558,825 ","$595,645 ","$745,349 ","$774,918 ","$767,221 ","$870,226 ","$1,073,442 ","$1,201,966 ","$1,388,794 ","$1,479,807 ","$2,102,846 ","$1,594,328 ","$2,114,883 ","$2,247,160 ","$2,094,021 ","$2,973,547 ","$2,711,687 ","$2,237,129 ","$2,036,205 ","$2,778,337 ","$2,819,655 ","$2,954,046 ","$3,173,482 ","$3,248,610 ","$4,424,930 ","$4,242,074 ","$4,394,065 ","$5,089,798 ","$5,431,823 ","$5,200,221 ","$4,282,035 ","$4,037,720 ","$4,583,022 ","$5,277,938 ","$5,492,864 ","$5,096,878 ","$5,771,360 ","$5,819,002 ","$6,739,125 ","$6,123,566 ","$7,165,036 ","$8,371,387 ","$9,118,001 ","$12,638,160 ","$10,257,398 ","$9,965,193 ","$14,113,497 ","$20,541,981 ","$21,843,658 ","$18,598,232 ","$20,756,674 ","$21,117,103 ","$17,819,728 ","$15,970,622 ","$341,254,748 ",,,,,,,,,,,,
MONTANA,"$26,672 ","$41,957 ","$69,185 ","$77,247 ","$34,269 ","$27,474 ","$24,837 ","$27,496 ","$68,754 ","$258,832 ","$327,085 ","$305,883 ","$272,679 ","$521,652 ","$341,137 ","$369,155 ","$299,657 ","$439,974 ","$494,980 ","$524,844 ","$505,016 ","$474,040 ","$434,487 ","$419,996 ","$415,852 ","$489,907 ","$508,495 ","$587,268 ","$687,013 ","$750,265 ","$863,789 ","$896,041 ","$875,506 ","$915,418 ","$1,105,388 ","$1,309,147 ","$1,489,425 ","$1,621,444 ","$2,280,232 ","$1,689,771 ","$2,179,735 ","$2,382,967 ","$2,163,588 ","$3,114,522 ","$2,777,313 ","$2,304,286 ","$2,078,579 ","$2,960,715 ","$2,917,110 ","$3,021,877 ","$3,259,212 ","$3,199,136 ","$4,169,303 ","$4,051,250 ","$4,181,526 ","$4,862,867 ","$5,744,244 ","$5,457,928 ","$4,702,916 ","$4,389,860 ","$4,734,778 ","$5,549,783 ","$5,655,957 ","$5,168,420 ","$5,958,327 ","$5,372,411 ","$6,266,710 ","$6,280,373 ","$7,080,712 ","$8,241,494 ","$9,027,840 ","$12,526,097 ","$10,162,996 ","$9,748,753 ","$13,805,529 ","$20,199,038 ","$21,552,756 ","$18,441,964 ","$20,611,646 ","$21,131,270 ","$17,468,080 ","$15,485,949 ","$343,262,086 ",,,,,,,,,,,,
N. MARIANA ISLANDS,$0 ,$0 ,$0 ,$0 ,$0 ,$0 ,$0 ,$0 ,$0 ,$0 ,$0 ,$0 ,$0 ,$0 ,$0 ,$0 ,$0 ,$0 ,$0 ,$0 ,$0 ,$0 ,$0 ,$0 ,$0 ,$0 ,$0 ,$0 ,$0 ,$0 ,$0 ,$0 ,$0 ,$0 ,$0 ,$0 ,$0 ,$0 ,$0 ,$0 ,$0 ,$0 ,$0 ,"$166,633 ","$147,067 ","$121,666 ","$108,183 ","$153,901 ","$179,919 ","$183,166 ","$198,333 ","$195,333 ","$262,333 ","$251,000 ","$261,500 ","$303,469 ","$351,665 ","$337,296 ","$276,318 ","$258,014 ","$275,589 ","$321,947 ","$340,307 ","$313,426 ","$355,336 ","$338,410 ","$391,236 ","$387,764 ","$443,828 ","$515,686 ","$560,243 ","$787,446 ","$640,114 ","$618,513 ","$870,669 ","$1,267,963 ","$1,347,460 ","$1,158,529 ","$1,299,808 ","$1,328,563 ","$1,122,415 ","$1,002,785 ","$19,443,833 ",,,,,,,,,,,,
NEBRASKA,"$20,428 ","$32,135 ","$54,048 ","$54,155 ","$23,959 ","$18,855 ","$16,699 ","$18,261 ","$48,284 ","$175,329 ","$235,251 ","$208,315 ","$186,604 ","$348,248 ","$207,687 ","$238,862 ","$197,418 ","$286,593 ","$308,929 ","$311,883 ","$296,991 ","$274,877 ","$260,537 ","$254,843 ","$257,836 ","$308,286 ","$314,348 ","$364,897 ","$440,570 ","$493,861 ","$571,160 ","$585,510 ","$553,585 ","$580,157 ","$704,297 ","$836,709 ","$934,298 ","$1,004,386 ","$1,437,204 ","$1,034,504 ","$1,349,389 ","$1,403,750 ","$1,319,069 ","$1,891,206 ","$1,718,986 ","$1,427,541 ","$1,251,613 ","$1,745,692 ","$1,661,042 ","$1,730,376 ","$1,868,225 ","$1,862,972 ","$2,477,826 ","$2,395,714 ","$2,473,073 ","$2,867,020 ","$3,361,042 ","$3,206,529 ","$2,739,478 ","$2,598,051 ","$2,798,701 ","$3,246,130 ","$3,345,022 ","$3,082,306 ","$3,518,769 ","$3,284,266 ","$3,829,113 ","$3,810,958 ","$4,388,824 ","$4,986,506 ","$5,453,914 ","$7,627,692 ","$6,137,129 ","$5,942,262 ","$8,487,013 ","$12,547,930 ","$13,199,091 ","$11,172,967 ","$12,495,645 ","$12,833,330 ","$10,890,046 ","$9,717,933 ","$208,644,939 ",,,,,,,,,,,,
NEVADA,"$16,823 ","$26,463 ","$43,456 ","$48,024 ","$21,553 ","$17,406 ","$15,561 ","$16,916 ","$43,543 ","$159,078 ","$207,219 ","$195,253 ","$170,805 ","$328,550 ","$192,922 ","$234,377 ","$190,490 ","$276,528 ","$315,454 ","$328,325 ","$317,059 ","$296,096 ","$276,922 ","$264,022 ","$264,265 ","$302,023 ","$321,509 ","$371,708 ","$454,637 ","$519,157 ","$591,022 ","$620,053 ","$603,725 ","$633,316 ","$758,056 ","$882,558 ","$1,000,489 ","$1,081,366 ","$1,532,986 ","$1,124,932 ","$1,450,715 ","$1,568,686 ","$1,443,782 ","$2,061,783 ","$1,859,280 ","$1,579,387 ","$1,367,369 ","$1,911,957 ","$1,883,905 ","$1,951,375 ","$2,091,092 ","$2,062,739 ","$2,705,531 ","$2,601,419 ","$2,685,883 ","$3,102,591 ","$3,631,102 ","$3,454,031 ","$2,894,997 ","$2,728,516 ","$2,939,355 ","$3,466,997 ","$3,544,874 ","$3,268,082 ","$3,743,824 ","$3,559,648 ","$4,097,241 ","$4,106,175 ","$4,670,593 ","$5,415,101 ","$5,911,481 ","$8,157,054 ","$6,700,532 ","$6,437,222 ","$9,127,759 ","$13,469,749 ","$14,315,511 ","$12,234,352 ","$13,697,843 ","$13,948,153 ","$11,795,554 ","$10,502,549 ","$225,210,436 ",,,,,,,,,,,,
NEW HAMPSHIRE,"$4,635 ","$7,291 ","$10,694 ","$12,975 ","$5,888 ","$4,696 ","$4,117 ","$5,133 ","$12,921 ","$53,922 ","$65,197 ","$58,187 ","$48,508 ","$85,955 ","$57,176 ","$58,923 ","$48,984 ","$71,400 ","$81,180 ","$84,870 ","$82,000 ","$79,000 ","$73,510 ","$69,850 ","$69,510 ","$78,139 ","$83,525 ","$96,030 ","$117,515 ","$131,600 ","$151,450 ","$158,225 ","$153,850 ","$190,326 ","$224,132 ","$257,755 ","$290,100 ","$322,650 ","$474,500 ","$358,500 ","$466,880 ","$501,440 ","$487,970 ","$669,700 ","$629,400 ","$519,500 ","$466,450 ","$613,007 ","$637,343 ","$634,500 ","$698,000 ","$689,500 ","$950,500 ","$892,500 ","$945,500 ","$1,097,348 ","$1,253,007 ","$1,223,381 ","$973,154 ","$912,282 ","$961,369 ","$1,111,848 ","$1,203,184 ","$1,132,469 ","$1,264,195 ","$1,214,574 ","$1,442,482 ","$1,375,762 ","$1,587,401 ","$1,855,483 ","$2,004,425 ","$2,795,702 ","$2,316,511 ","$2,251,081 ","$3,142,757 ","$4,494,878 ","$4,767,143 ","$4,128,477 ","$4,652,531 ","$4,785,824 ","$4,048,853 ","$3,647,470 ","$75,690,600 ",,,,,,,,,,,,
NEW JERSEY,"$9,420 ","$14,817 ","$22,969 ","$24,994 ","$10,635 ","$8,596 ","$7,190 ","$8,075 ","$20,276 ","$76,209 ","$95,592 ","$72,200 ","$58,265 ","$117,302 ","$72,552 ","$77,591 ","$65,654 ","$103,864 ","$121,636 ","$120,230 ","$118,465 ","$99,289 ","$97,640 ","$92,893 ","$94,142 ","$134,954 ","$98,794 ","$128,903 ","$156,768 ","$173,497 ","$199,939 ","$219,568 ","$209,617 ","$319,122 ","$373,431 ","$454,142 ","$473,201 ","$518,547 ","$820,093 ","$619,769 ","$768,765 ","$832,249 ","$850,127 ","$1,138,229 ","$1,032,910 ","$830,687 ","$750,250 ","$934,883 ","$1,044,103 ","$994,282 ","$1,131,163 ","$1,116,586 ","$1,616,640 ","$1,450,500 ","$1,592,078 ","$1,845,116 ","$2,045,033 ","$2,069,356 ","$1,549,966 ","$1,465,244 ","$1,499,777 ","$1,695,875 ","$1,932,233 ","$1,845,915 ","$2,044,342 ","$1,974,680 ","$2,330,650 ","$2,208,601 ","$2,611,045 ","$3,089,160 ","$3,299,200 ","$4,529,149 ","$3,901,164 ","$3,833,227 ","$5,265,754 ","$7,258,798 ","$7,666,174 ","$6,740,034 ","$7,664,947 ","$7,986,372 ","$6,775,277 ","$6,203,940 ","$123,925,321 ",,,,,,,,,,,,
NEW MEXICO,"$19,610 ","$30,846 ","$50,472 ","$55,671 ","$24,673 ","$19,691 ","$17,506 ","$19,428 ","$50,268 ","$182,055 ","$239,105 ","$227,502 ","$197,794 ","$382,291 ","$225,029 ","$272,687 ","$220,105 ","$322,296 ","$371,304 ","$384,837 ","$374,826 ","$350,799 ","$331,783 ","$318,625 ","$320,666 ","$370,206 ","$382,455 ","$448,987 ","$519,679 ","$592,736 ","$686,046 ","$721,809 ","$702,686 ","$731,977 ","$882,010 ","$1,035,258 ","$1,193,271 ","$1,295,014 ","$1,831,315 ","$1,336,104 ","$1,781,155 ","$1,863,732 ","$1,729,888 ","$2,502,521 ","$2,248,353 ","$1,868,157 ","$1,657,050 ","$2,290,533 ","$2,269,354 ","$2,373,379 ","$2,526,339 ","$2,474,022 ","$3,261,753 ","$3,129,381 ","$3,218,694 ","$3,530,198 ","$4,247,634 ","$4,026,473 ","$3,380,924 ","$3,130,171 ","$3,420,717 ","$4,071,712 ","$4,050,224 ","$3,742,975 ","$4,311,943 ","$4,144,775 ","$4,761,855 ","$4,701,315 ","$5,360,014 ","$6,119,296 ","$6,648,005 ","$9,230,587 ","$7,575,408 ","$7,232,932 ","$10,296,502 ","$15,157,729 ","$16,123,634 ","$13,769,046 ","$15,467,517 ","$15,787,434 ","$13,326,908 ","$11,912,627 ","$258,462,288 ",,,,,,,,,,,,
NEW YORK,"$49,458 ","$77,799 ","$120,163 ","$120,205 ","$50,236 ","$40,308 ","$34,161 ","$41,621 ","$93,678 ","$349,521 ","$456,755 ","$412,503 ","$350,701 ","$651,277 ","$400,667 ","$463,051 ","$403,195 ","$585,125 ","$670,175 ","$709,503 ","$695,907 ","$608,668 ","$437,231 ","$392,241 ","$414,893 ","$544,658 ","$529,973 ","$603,498 ","$739,065 ","$806,732 ","$950,841 ","$974,556 ","$927,829 ","$1,059,454 ","$1,227,918 ","$1,337,890 ","$1,481,736 ","$1,696,793 ","$2,504,628 ","$1,877,601 ","$2,418,458 ","$2,574,469 ","$2,410,545 ","$3,427,771 ","$3,164,669 ","$2,641,573 ","$2,410,798 ","$3,357,193 ","$3,395,792 ","$3,444,300 ","$3,679,205 ","$3,580,251 ","$4,795,853 ","$4,519,822 ","$4,683,621 ","$5,599,576 ","$6,475,601 ","$6,226,248 ","$5,007,131 ","$4,670,976 ","$4,959,420 ","$5,724,950 ","$6,053,350 ","$5,589,079 ","$6,308,475 ","$6,055,166 ","$6,783,004 ","$6,543,604 ","$7,209,842 ","$8,645,429 ","$9,332,865 ","$13,319,153 ","$11,215,150 ","$10,062,572 ","$14,198,793 ","$20,539,566 ","$20,837,603 ","$17,702,363 ","$20,341,226 ","$20,862,345 ","$17,470,049 ","$15,687,703 ","$359,817,774 ",,,,,,,,,,,,
NORTH CAROLINA,"$17,418 ","$27,399 ","$44,732 ","$47,864 ","$20,307 ","$16,522 ","$14,037 ","$13,015 ","$35,665 ","$129,448 ","$186,120 ","$190,920 ","$170,881 ","$343,507 ","$201,506 ","$232,706 ","$196,556 ","$297,812 ","$339,320 ","$348,953 ","$339,780 ","$312,438 ","$300,852 ","$288,219 ","$290,922 ","$363,248 ","$353,591 ","$411,536 ","$512,460 ","$576,457 ","$671,456 ","$698,988 ","$681,928 ","$745,153 ","$867,847 ","$1,006,556 ","$1,164,362 ","$1,267,150 ","$1,805,308 ","$1,307,308 ","$1,699,471 ","$1,819,670 ","$1,736,011 ","$2,355,765 ","$2,152,975 ","$1,762,265 ","$1,616,730 ","$2,122,013 ","$2,202,658 ","$2,205,476 ","$2,406,726 ","$2,401,709 ","$3,275,194 ","$3,078,923 ","$3,409,269 ","$3,882,785 ","$4,473,679 ","$4,329,938 ","$3,567,630 ","$3,282,762 ","$3,434,482 ","$4,153,277 ","$4,624,376 ","$4,370,014 ","$4,829,534 ","$4,920,679 ","$5,642,181 ","$5,414,947 ","$6,308,429 ","$7,437,810 ","$8,291,439 ","$11,756,844 ","$9,654,257 ","$9,440,769 ","$13,641,695 ","$19,932,347 ","$21,315,164 ","$18,446,736 ","$20,734,869 ","$21,338,737 ","$18,198,167 ","$16,626,074 ","$311,134,722 ",,,,,,,,,,,,
NORTH DAKOTA,"$11,491 ","$18,076 ","$32,611 ","$36,484 ","$17,159 ","$13,405 ","$12,125 ","$13,011 ","$34,210 ","$124,023 ","$156,382 ","$156,513 ","$139,398 ","$248,934 ","$149,848 ","$169,638 ","$152,381 ","$190,643 ","$248,832 ","$258,400 ","$250,405 ","$231,877 ","$206,219 ","$190,221 ","$193,605 ","$225,909 ","$231,015 ","$270,926 ","$331,389 ","$361,966 ","$417,502 ","$439,926 ","$419,654 ","$451,610 ","$550,168 ","$652,886 ","$739,617 ","$799,527 ","$1,150,993 ","$843,544 ","$1,111,680 ","$1,207,849 ","$1,109,702 ","$1,571,579 ","$1,414,641 ","$1,161,855 ","$1,039,550 ","$1,436,152 ","$1,433,487 ","$1,477,201 ","$1,600,285 ","$1,574,662 ","$2,037,362 ","$1,975,089 ","$2,047,953 ","$2,402,245 ","$2,867,646 ","$2,739,255 ","$2,260,071 ","$2,126,676 ","$2,306,859 ","$2,675,781 ","$2,835,946 ","$2,637,355 ","$2,991,063 ","$2,990,057 ","$3,444,052 ","$3,384,469 ","$3,931,294 ","$4,578,788 ","$5,040,845 ","$7,052,945 ","$5,670,831 ","$5,437,678 ","$7,763,865 ","$11,273,624 ","$11,935,140 ","$10,085,485 ","$11,170,517 ","$11,377,784 ","$9,616,313 ","$8,460,411 ","$182,398,564 ",,,,,,,,,,,,
OHIO,"$39,017 ","$61,376 ","$102,679 ","$104,909 ","$46,776 ","$39,114 ","$33,100 ","$34,612 ","$87,491 ","$297,778 ","$386,506 ","$332,780 ","$296,113 ","$620,570 ","$348,276 ","$365,323 ","$295,695 ","$423,862 ","$475,076 ","$515,557 ","$516,203 ","$444,084 ","$411,593 ","$390,308 ","$392,517 ","$486,768 ","$463,390 ","$514,782 ","$593,854 ","$681,730 ","$750,319 ","$693,494 ","$675,714 ","$814,984 ","$971,816 ","$1,195,393 ","$1,267,724 ","$1,420,167 ","$2,035,453 ","$1,520,836 ","$2,014,825 ","$2,090,870 ","$1,992,953 ","$2,567,232 ","$2,327,255 ","$1,911,576 ","$1,765,098 ","$2,314,664 ","$2,411,059 ","$2,423,920 ","$2,631,533 ","$2,589,353 ","$3,664,116 ","$3,457,410 ","$3,667,087 ","$4,384,528 ","$5,057,271 ","$4,958,501 ","$4,060,173 ","$3,805,504 ","$4,030,294 ","$4,735,241 ","$4,884,420 ","$4,224,146 ","$4,762,854 ","$4,333,368 ","$5,264,165 ","$5,362,406 ","$5,940,507 ","$6,836,044 ","$7,253,313 ","$10,224,639 ","$8,266,471 ","$8,065,629 ","$11,332,218 ","$16,242,817 ","$17,194,036 ","$14,593,198 ","$16,188,100 ","$16,457,632 ","$13,737,911 ","$12,234,327 ","$283,406,404 ",,,,,,,,,,,,
OKLAHOMA,"$15,853 ","$24,937 ","$40,480 ","$47,091 ","$20,244 ","$16,532 ","$14,206 ","$15,040 ","$42,819 ","$161,977 ","$197,633 ","$184,645 ","$164,610 ","$343,143 ","$190,290 ","$222,139 ","$176,774 ","$252,856 ","$287,483 ","$301,533 ","$284,221 ","$266,308 ","$259,541 ","$249,340 ","$240,921 ","$301,781 ","$303,191 ","$344,849 ","$427,465 ","$494,263 ","$544,367 ","$546,850 ","$550,652 ","$625,547 ","$777,045 ","$851,813 ","$992,094 ","$1,088,006 ","$1,566,752 ","$1,146,154 ","$1,534,637 ","$1,686,026 ","$1,582,375 ","$2,289,375 ","$2,112,308 ","$1,693,417 ","$1,562,523 ","$2,324,263 ","$2,047,313 ","$1,990,110 ","$2,220,487 ","$2,179,907 ","$2,916,163 ","$2,770,565 ","$2,939,422 ","$3,468,110 ","$3,843,484 ","$3,926,535 ","$3,175,756 ","$2,987,061 ","$3,217,835 ","$3,822,713 ","$4,017,969 ","$3,747,979 ","$4,260,451 ","$4,314,718 ","$4,909,020 ","$4,785,013 ","$5,630,857 ","$6,549,087 ","$7,321,796 ","$10,106,242 ","$8,368,434 ","$8,155,533 ","$11,565,724 ","$17,326,220 ","$18,677,008 ","$15,826,672 ","$17,845,424 ","$19,907,732 ","$17,143,599 ","$15,668,006 ","$276,999,313 ",,,,,,,,,,,,
OREGON,"$19,250 ","$30,281 ","$49,519 ","$56,415 ","$25,187 ","$20,667 ","$18,343 ","$21,375 ","$55,361 ","$198,084 ","$260,542 ","$250,846 ","$214,143 ","$412,624 ","$245,938 ","$288,637 ","$239,372 ","$355,429 ","$410,674 ","$430,175 ","$409,090 ","$380,558 ","$359,793 ","$346,583 ","$350,729 ","$428,687 ","$429,669 ","$498,441 ","$617,467 ","$697,792 ","$804,470 ","$845,685 ","$817,477 ","$852,169 ","$1,011,461 ","$1,185,307 ","$1,342,304 ","$1,447,003 ","$2,025,434 ","$1,464,576 ","$1,925,576 ","$2,189,441 ","$2,056,245 ","$2,942,939 ","$2,688,041 ","$2,201,018 ","$1,925,296 ","$2,625,793 ","$2,602,537 ","$2,691,289 ","$2,874,102 ","$2,813,423 ","$3,753,030 ","$3,617,307 ","$3,645,914 ","$4,207,663 ","$4,909,882 ","$4,633,928 ","$3,871,671 ","$3,671,318 ","$3,956,926 ","$4,652,858 ","$4,821,928 ","$4,420,486 ","$5,018,969 ","$4,686,460 ","$5,481,960 ","$5,386,919 ","$6,103,918 ","$7,071,994 ","$7,729,971 ","$10,862,632 ","$8,728,731 ","$8,473,524 ","$11,759,582 ","$17,128,036 ","$18,283,088 ","$15,457,600 ","$17,345,633 ","$17,690,588 ","$16,031,149 ","$14,373,165 ","$297,230,087 ",,,,,,,,,,,,
PENNSYLVANIA,"$46,026 ","$72,400 ","$119,219 ","$130,084 ","$57,372 ","$43,646 ","$38,417 ","$40,564 ","$100,613 ","$344,643 ","$456,501 ","$431,889 ","$354,723 ","$695,900 ","$402,528 ","$443,960 ","$375,395 ","$560,762 ","$638,191 ","$672,441 ","$636,910 ","$590,598 ","$558,481 ","$541,197 ","$540,101 ","$708,182 ","$659,727 ","$681,910 ","$868,659 ","$1,002,973 ","$1,175,477 ","$1,280,102 ","$1,262,918 ","$1,390,431 ","$1,649,787 ","$1,915,982 ","$2,170,095 ","$2,328,906 ","$3,430,486 ","$2,635,093 ","$3,465,959 ","$3,765,135 ","$3,423,489 ","$4,898,676 ","$4,427,270 ","$3,675,794 ","$3,344,127 ","$4,560,616 ","$4,453,230 ","$4,452,296 ","$4,813,433 ","$4,731,585 ","$6,289,946 ","$6,048,987 ","$6,281,908 ","$7,256,769 ","$8,546,600 ","$8,115,497 ","$6,709,212 ","$6,170,696 ","$6,582,874 ","$7,602,373 ","$7,872,824 ","$7,047,696 ","$8,020,697 ","$7,837,535 ","$8,980,993 ","$8,774,312 ","$10,084,079 ","$11,453,294 ","$12,236,088 ","$16,973,507 ","$13,444,246 ","$13,364,999 ","$19,158,429 ","$27,975,344 ","$29,542,027 ","$24,948,408 ","$27,913,408 ","$28,157,633 ","$23,560,142 ","$20,931,244 ","$479,946,665 ",,,,,,,,,,,,
PUERTO RICO,$0 ,$0 ,$0 ,"$10,000 ","$5,000 ",$0 ,$0 ,"$3,000 ","$5,000 ","$5,000 ","$5,000 ","$7,500 ","$8,500 ","$10,000 ","$10,000 ","$10,000 ",$0 ,"$12,000 ","$12,000 ","$12,000 ","$12,000 ","$12,000 ","$10,000 ","$10,000 ","$10,000 ","$10,000 ","$10,000 ","$10,000 ","$10,000 ","$10,000 ","$10,000 ","$10,000 ","$10,000 ","$154,225 ","$186,317 ","$216,095 ","$244,600 ","$263,350 ","$369,500 ","$270,500 ","$355,120 ","$388,560 ","$345,970 ","$499,900 ","$441,200 ","$365,000 ","$324,550 ","$461,705 ","$442,945 ","$464,500 ","$492,000 ","$482,500 ","$623,500 ","$613,500 ","$623,500 ","$723,464 ","$856,993 ","$800,394 ","$684,748 ","$635,801 ","$692,165 ","$819,834 ","$899,413 ","$819,525 ","$935,564 ","$887,305 ","$1,019,450 ","$1,023,924 ","$1,160,880 ","$1,341,448 ","$1,464,934 ","$2,073,431 ","$1,656,236 ","$1,591,851 ","$2,258,628 ","$3,343,238 ","$3,559,210 ","$3,040,328 ","$3,397,357 ","$3,452,263 ","$2,912,843 ","$2,582,275 ","$53,511,539 ",,,,,,,,,,,,
RHODE ISLAND,$729 ,"$1,147 ","$1,605 ","$1,958 ",$843 ,$724 ,$639 ,$697 ,"$1,715 ","$41,319 ","$53,903 ","$49,567 ","$43,368 ","$85,955 ","$50,126 ","$58,923 ","$48,984 ","$71,400 ","$81,180 ","$84,870 ","$82,000 ","$79,000 ","$73,510 ","$69,850 ","$69,510 ","$78,139 ","$83,525 ","$96,030 ","$117,515 ","$131,600 ","$151,450 ","$158,225 ","$153,850 ","$190,326 ","$224,132 ","$257,755 ","$290,100 ","$322,650 ","$474,500 ","$358,500 ","$466,880 ","$501,440 ","$487,970 ","$669,700 ","$629,400 ","$519,500 ","$466,450 ","$613,007 ","$637,343 ","$634,500 ","$698,000 ","$689,500 ","$950,500 ","$892,500 ","$945,500 ","$1,097,348 ","$1,253,007 ","$1,223,381 ","$973,154 ","$912,282 ","$961,369 ","$1,111,848 ","$1,203,184 ","$1,121,404 ","$1,261,676 ","$1,207,123 ","$1,405,099 ","$1,372,361 ","$1,587,401 ","$1,855,483 ","$2,004,425 ","$2,795,702 ","$2,316,511 ","$2,251,081 ","$3,142,757 ","$4,494,878 ","$4,767,143 ","$4,128,477 ","$4,652,531 ","$4,785,824 ","$4,048,853 ","$3,647,470 ","$75,525,781 ",,,,,,,,,,,,
SOUTH CAROLINA,"$10,170 ","$15,998 ","$26,375 ","$28,916 ","$12,127 ","$9,462 ","$8,432 ","$7,458 ","$20,604 ","$76,491 ","$131,507 ","$104,611 ","$91,880 ","$178,342 ","$101,922 ","$119,804 ","$103,468 ","$155,287 ","$174,307 ","$175,959 ","$174,101 ","$159,296 ","$149,498 ","$142,120 ","$144,788 ","$181,260 ","$186,078 ","$216,283 ","$262,801 ","$300,877 ","$352,755 ","$365,294 ","$363,149 ","$391,321 ","$465,372 ","$525,315 ","$605,686 ","$670,325 ","$996,965 ","$755,267 ","$995,918 ","$1,076,949 ","$1,046,450 ","$1,459,839 ","$1,341,326 ","$1,075,862 ","$979,520 ","$1,289,046 ","$1,338,618 ","$1,345,990 ","$1,401,284 ","$1,406,162 ","$2,013,687 ","$1,871,610 ","$2,006,311 ","$2,361,606 ","$2,729,256 ","$2,700,778 ","$2,181,947 ","$2,044,085 ","$2,189,392 ","$2,548,294 ","$2,941,280 ","$2,718,409 ","$3,065,525 ","$3,174,258 ","$2,283,303 ","$2,767,987 ","$3,641,405 ","$3,953,176 ","$4,459,346 ","$6,342,075 ","$5,260,829 ","$5,327,609 ","$6,696,063 ","$10,172,083 ","$10,776,814 ","$9,311,672 ","$10,497,258 ","$10,678,793 ","$8,941,843 ","$7,812,139 ","$167,187,468 ",,,,,,,,,,,,
SOUTH DAKOTA,"$13,443 ","$21,146 ","$37,740 ","$44,980 ","$20,980 ","$17,428 ","$15,809 ","$16,571 ","$47,750 ","$189,859 ","$230,582 ","$192,334 ","$177,373 ","$334,814 ","$172,598 ","$217,700 ","$180,352 ","$263,908 ","$303,718 ","$312,054 ","$295,569 ","$270,605 ","$270,827 ","$251,013 ","$247,194 ","$316,145 ","$320,539 ","$380,744 ","$413,804 ","$442,595 ","$486,553 ","$540,059 ","$531,914 ","$545,344 ","$655,771 ","$786,033 ","$892,307 ","$985,522 ","$1,371,088 ","$975,472 ","$1,237,562 ","$1,343,339 ","$1,255,042 ","$1,795,054 ","$1,660,642 ","$1,386,965 ","$1,238,136 ","$1,744,683 ","$1,704,454 ","$1,768,182 ","$1,830,197 ","$1,847,058 ","$2,399,773 ","$2,301,731 ","$2,391,486 ","$2,839,513 ","$3,406,078 ","$3,287,602 ","$2,840,590 ","$2,683,170 ","$2,885,558 ","$3,242,050 ","$3,450,120 ","$3,272,354 ","$3,737,508 ","$3,440,127 ","$4,015,800 ","$4,195,942 ","$4,804,833 ","$5,521,192 ","$6,127,816 ","$8,638,885 ","$6,930,149 ","$6,628,479 ","$9,492,071 ","$13,854,562 ","$14,620,621 ","$12,010,444 ","$13,394,017 ","$13,775,104 ","$11,599,587 ","$10,145,967 ","$220,534,680 ",,,,,,,,,,,,
TENNESSEE,"$10,685 ","$16,808 ","$28,042 ","$31,905 ","$14,267 ","$13,444 ","$12,312 ","$13,144 ","$33,845 ","$128,715 ","$184,957 ","$182,970 ","$154,920 ","$350,988 ","$211,590 ","$253,156 ","$213,338 ","$319,786 ","$355,844 ","$387,679 ","$338,451 ","$308,364 ","$290,951 ","$282,798 ","$284,516 ","$365,858 ","$348,504 ","$396,328 ","$494,858 ","$489,329 ","$582,295 ","$632,561 ","$627,406 ","$705,252 ","$837,381 ","$1,008,803 ","$1,169,827 ","$1,293,376 ","$1,864,928 ","$1,355,401 ","$1,775,078 ","$1,913,094 ","$1,852,089 ","$2,637,220 ","$2,555,400 ","$2,103,953 ","$1,848,252 ","$2,541,161 ","$2,703,702 ","$2,734,181 ","$3,027,388 ","$2,909,037 ","$4,006,163 ","$3,832,165 ","$3,962,940 ","$4,644,043 ","$5,246,742 ","$5,196,112 ","$4,289,241 ","$3,951,382 ","$4,305,004 ","$5,009,785 ","$5,365,733 ","$5,086,100 ","$5,737,747 ","$5,988,969 ","$7,081,929 ","$7,721,967 ","$8,324,750 ","$9,652,824 ","$9,608,288 ","$13,545,666 ","$11,024,140 ","$10,726,478 ","$13,062,080 ","$19,633,243 ","$23,852,672 ","$20,400,396 ","$22,484,134 ","$22,544,767 ","$18,764,908 ","$17,067,040 ","$347,313,544 ",,,,,,,,,,,,
TEXAS,"$46,239 ","$72,735 ","$120,298 ","$132,717 ","$59,159 ","$47,592 ","$41,692 ","$45,430 ","$119,946 ","$413,189 ","$539,031 ","$495,670 ","$433,676 ","$859,552 ","$501,255 ","$589,230 ","$489,840 ","$714,000 ","$811,800 ","$848,700 ","$820,000 ","$790,000 ","$735,100 ","$698,500 ","$695,100 ","$781,394 ","$835,250 ","$960,300 ","$1,175,150 ","$1,316,000 ","$1,514,500 ","$1,582,250 ","$1,538,500 ","$1,650,548 ","$1,976,620 ","$2,285,930 ","$2,582,500 ","$2,811,400 ","$4,010,000 ","$2,969,000 ","$3,886,480 ","$4,224,240 ","$3,885,700 ","$5,508,400 ","$4,976,600 ","$4,113,500 ","$3,671,200 ","$5,070,951 ","$5,012,649 ","$5,155,000 ","$5,538,000 ","$5,446,000 ","$7,216,000 ","$6,972,000 ","$7,201,000 ","$8,356,288 ","$9,757,973 ","$9,272,901 ","$7,712,701 ","$7,187,457 ","$7,729,265 ","$9,074,385 ","$9,480,169 ","$8,678,260 ","$9,877,416 ","$9,384,766 ","$10,811,538 ","$10,796,752 ","$12,291,246 ","$14,256,523 ","$15,512,525 ","$21,889,945 ","$17,618,807 ","$16,973,282 ","$23,997,062 ","$35,275,009 ","$37,524,802 ","$32,144,324 ","$35,981,845 ","$36,656,319 ","$30,946,041 ","$27,527,049 ","$593,702,163 ",,,,,,,,,,,,
U.S. VIRGIN ISLANDS,$0 ,$0 ,$0 ,"$10,000 ","$5,000 ","$1,000 ","$2,000 ",$0 ,"$5,000 ","$5,000 ","$5,000 ","$7,500 ","$8,500 ","$10,000 ","$10,000 ","$10,000 ","$10,000 ","$12,000 ","$12,000 ","$12,000 ","$12,000 ","$12,000 ","$10,000 ","$10,000 ","$10,000 ","$10,000 ","$10,000 ","$10,000 ","$10,000 ","$10,000 ","$10,000 ","$10,000 ","$10,000 ","$51,408 ","$62,106 ","$72,032 ","$81,533 ","$87,783 ","$123,167 ","$90,167 ","$118,373 ","$129,520 ","$115,323 ","$166,633 ","$147,067 ","$121,666 ","$108,183 ","$153,901 ","$179,919 ","$183,166 ","$198,333 ","$195,333 ","$262,333 ","$251,000 ","$261,500 ","$303,469 ","$351,665 ","$337,296 ","$276,318 ","$258,014 ","$275,589 ","$321,947 ","$340,307 ","$313,426 ","$355,336 ","$339,456 ","$391,236 ","$388,897 ","$443,828 ","$515,686 ","$560,243 ","$787,446 ","$640,114 ","$618,513 ","$870,669 ","$1,267,963 ","$1,347,460 ","$1,158,923 ","$1,299,808 ","$1,328,563 ","$1,122,415 ","$1,002,785 ","$20,636,818 ",,,,,,,,,,,,
UTAH,"$15,866 ","$24,958 ","$42,065 ","$48,095 ","$21,004 ","$16,882 ","$16,000 ","$17,255 ","$44,190 ","$157,103 ","$198,577 ","$196,896 ","$165,343 ","$325,074 ","$190,721 ","$228,441 ","$188,196 ","$276,100 ","$322,937 ","$320,371 ","$319,330 ","$288,185 ","$280,197 ","$271,125 ","$271,060 ","$319,247 ","$335,980 ","$386,463 ","$469,707 ","$524,171 ","$596,439 ","$631,139 ","$613,425 ","$638,491 ","$798,955 ","$925,440 ","$1,076,147 ","$1,156,954 ","$1,579,993 ","$1,169,869 ","$1,543,761 ","$1,661,317 ","$1,556,701 ","$2,336,656 ","$1,963,633 ","$1,636,301 ","$1,475,470 ","$2,015,026 ","$1,987,087 ","$2,022,522 ","$2,184,321 ","$2,182,700 ","$2,858,634 ","$2,765,010 ","$2,867,853 ","$3,315,010 ","$3,745,349 ","$3,365,114 ","$2,820,054 ","$2,792,356 ","$2,926,080 ","$3,468,682 ","$3,608,553 ","$3,223,740 ","$3,641,119 ","$3,383,152 ","$3,919,659 ","$3,910,994 ","$4,408,741 ","$5,165,413 ","$5,648,400 ","$7,905,231 ","$6,830,877 ","$6,622,794 ","$9,438,820 ","$13,813,590 ","$14,645,168 ","$12,569,415 ","$14,206,094 ","$14,616,342 ","$12,480,803 ","$11,246,261 ","$230,243,194 ",,,,,,,,,,,,
VERMONT,"$4,324 ","$6,802 ","$10,293 ","$11,594 ","$5,045 ","$4,029 ","$3,629 ","$4,002 ","$10,176 ","$41,319 ","$53,903 ","$49,567 ","$43,368 ","$85,955 ","$50,126 ","$58,923 ","$48,984 ","$71,400 ","$81,180 ","$84,870 ","$82,000 ","$79,000 ","$73,510 ","$69,850 ","$70,136 ","$81,858 ","$90,533 ","$102,374 ","$130,671 ","$154,850 ","$176,947 ","$191,749 ","$183,597 ","$212,372 ","$255,720 ","$277,310 ","$332,028 ","$377,502 ","$511,462 ","$373,693 ","$491,301 ","$571,486 ","$487,970 ","$717,257 ","$642,911 ","$549,950 ","$466,450 ","$654,312 ","$708,492 ","$641,092 ","$698,000 ","$689,500 ","$950,500 ","$892,500 ","$945,500 ","$1,097,348 ","$1,253,007 ","$1,223,381 ","$973,154 ","$912,282 ","$961,369 ","$1,111,848 ","$1,203,184 ","$1,134,399 ","$1,264,743 ","$1,207,123 ","$1,405,099 ","$1,372,361 ","$1,587,401 ","$1,855,483 ","$2,004,425 ","$2,795,702 ","$2,316,511 ","$2,251,081 ","$3,142,757 ","$4,494,878 ","$4,767,143 ","$4,128,477 ","$4,652,531 ","$4,785,824 ","$4,048,853 ","$3,647,470 ","$76,261,706 ",,,,,,,,,,,,
VIRGINIA,"$14,728 ","$23,167 ","$38,772 ","$41,315 ","$17,460 ","$14,388 ","$13,048 ","$13,261 ","$36,165 ","$136,495 ","$199,630 ","$177,205 ","$151,359 ","$318,349 ","$185,625 ","$218,808 ","$185,955 ","$281,674 ","$325,287 ","$336,762 ","$327,671 ","$300,999 ","$286,025 ","$271,253 ","$244,906 ","$318,115 ","$301,111 ","$346,167 ","$432,254 ","$482,004 ","$552,639 ","$577,980 ","$575,268 ","$690,892 ","$812,560 ","$979,857 ","$1,120,653 ","$1,233,441 ","$1,683,437 ","$1,257,231 ","$1,701,218 ","$1,841,762 ","$1,761,247 ","$2,506,251 ","$2,237,646 ","$1,857,857 ","$1,704,968 ","$2,285,813 ","$2,364,958 ","$2,396,571 ","$2,668,607 ","$2,739,413 ","$3,330,192 ","$3,250,993 ","$3,264,186 ","$3,701,751 ","$4,218,648 ","$4,058,100 ","$3,245,367 ","$2,988,778 ","$3,136,238 ","$3,597,711 ","$3,823,905 ","$3,556,051 ","$3,999,477 ","$3,845,157 ","$4,458,365 ","$4,398,472 ","$5,116,428 ","$5,903,184 ","$6,497,139 ","$8,983,988 ","$7,267,047 ","$7,025,491 ","$9,872,016 ","$13,998,397 ","$14,436,495 ","$12,399,343 ","$13,854,774 ","$14,176,335 ","$11,914,111 ","10,715,423 ","$242,623,789 ",,,,,,,,,,,,
WASHINGTON,"$23,440 ","$36,871 ","$56,525 ","$63,897 ","$29,114 ","$22,793 ","$22,299 ","$26,115 ","$65,044 ","$246,709 ","$290,857 ","$277,252 ","$226,211 ","$477,355 ","$275,993 ","$314,483 ","$262,668 ","$335,915 ","$349,257 ","$368,077 ","$338,035 ","$308,869 ","$291,358 ","$276,717 ","$278,586 ","$351,135 ","$347,810 ","$409,453 ","$501,415 ","$553,894 ","$633,573 ","$668,162 ","$654,987 ","$737,044 ","$859,761 ","$964,932 ","$1,100,062 ","$1,204,668 ","$1,768,800 ","$1,295,193 ","$1,711,907 ","$1,879,815 ","$1,788,234 ","$2,550,629 ","$2,350,070 ","$1,876,603 ","$1,639,646 ","$2,213,088 ","$2,230,685 ","$2,186,230 ","$2,369,703 ","$2,324,691 ","$3,234,993 ","$3,096,092 ","$3,290,754 ","$3,759,976 ","$4,418,784 ","$4,246,470 ","$3,583,804 ","$3,141,408 ","$3,265,771 ","$3,712,928 ","$4,377,113 ","$3,730,039 ","$4,199,436 ","$3,930,101 ","$4,588,931 ","$4,468,073 ","$5,199,310 ","$6,062,171 ","$6,579,110 ","$9,400,387 ","$7,502,342 ","$7,270,797 ","$10,147,945 ","$14,413,713 ","$15,239,993 ","$13,098,081 ","$14,726,685 ","$15,120,458 ","12,756,164 ","11,466,414 ","$252,464,873 ",,,,,,,,,,,,
WEST VIRGINIA,"$14,913 ","$23,458 ","$34,014 ","$35,658 ","$17,036 ","$13,525 ","$11,421 ","$13,453 ","$33,793 ","$139,329 ","$160,939 ","$162,404 ","$141,760 ","$252,497 ","$143,526 ","$164,840 ","$126,455 ","$179,966 ","$213,518 ","$228,451 ","$219,197 ","$194,397 ","$181,549 ","$152,147 ","$146,665 ","$189,282 ","$177,383 ","$198,787 ","$257,116 ","$299,485 ","$346,547 ","$347,842 ","$345,198 ","$385,466 ","$461,155 ","$549,655 ","$609,913 ","$687,129 ","$1,011,342 ","$782,152 ","$1,040,366 ","$1,143,244 ","$1,046,798 ","$1,457,906 ","$1,323,946 ","$1,111,670 ","$1,017,643 ","$1,393,936 ","$1,379,160 ","$1,399,563 ","$1,525,418 ","$1,463,782 ","$1,955,158 ","$1,758,944 ","$1,799,784 ","$2,151,184 ","$2,524,937 ","$2,433,753 ","$2,005,835 ","$1,872,331 ","$2,025,640 ","$2,360,616 ","$2,466,988 ","$2,275,728 ","$2,569,388 ","$2,537,373 ","$2,831,168 ","$2,724,268 ","$2,991,044 ","$3,454,244 ","$3,782,560 ","$5,188,334 ","$4,219,117 ","$4,056,683 ","$5,635,116 ","$8,058,451 ","$8,622,897 ","$7,314,107 ","$8,126,275 ","8,209,596 ","6,898,259 ","6,173,284 ","$143,979,857 ",,,,,,,,,,,,
WISCONSIN,"$23,739 ","$37,342 ","$63,149 ","$72,939 ","$32,066 ","$26,016 ","$20,303 ","$25,155 ","$62,109 ","$203,863 ","$268,545 ","$254,461 ","$220,811 ","$471,834 ","$283,778 ","$379,403 ","$296,798 ","$435,186 ","$486,129 ","$516,996 ","$508,281 ","$331,461 ","$310,320 ","$467,303 ","$338,911 ","$461,201 ","$401,162 ","$475,941 ","$590,661 ","$725,797 ","$820,424 ","$874,774 ","$872,068 ","$970,717 ","$1,134,856 ","$1,343,678 ","$1,505,050 ","$1,616,750 ","$2,479,667 ","$1,838,717 ","$2,402,522 ","$2,676,963 ","$2,517,304 ","$3,437,940 ","$3,159,733 ","$2,648,463 ","$2,402,334 ","$3,186,885 ","$3,256,521 ","$3,374,112 ","$3,654,740 ","$3,586,559 ","$4,775,689 ","$4,626,573 ","$4,935,179 ","$5,711,796 ","$6,814,436 ","$6,451,849 ","$5,379,632 ","$5,126,621 ","$5,207,022 ","$6,121,170 ","$6,500,414 ","$6,049,578 ","$6,827,601 ","$6,041,016 ","$7,356,101 ","$7,302,015 ","$8,279,069 ","$9,628,060 ","$10,551,884 ","$15,274,201 ","$11,713,380 ","$11,305,796 ","$15,991,568 ","$23,374,940 ","$24,887,261 ","$20,982,254 ","23,095,485 ","23,542,090 ","19,739,356 ","17,654,380 ","$389,798,853 ",,,,,,,,,,,,
WYOMING,"$15,700 ","$24,697 ","$40,573 ","$44,997 ","$20,171 ","$16,431 ","$15,107 ","$16,740 ","$42,485 ","$157,163 ","$197,961 ","$192,446 ","$167,467 ","$327,853 ","$200,704 ","$249,251 ","$208,549 ","$300,032 ","$337,660 ","$351,603 ","$326,006 ","$312,324 ","$280,169 ","$263,243 ","$267,232 ","$312,628 ","$326,842 ","$375,979 ","$459,383 ","$514,863 ","$603,807 ","$638,330 ","$641,778 ","$665,096 ","$861,321 ","$924,464 ","$1,032,590 ","$1,099,885 ","$1,573,261 ","$1,176,785 ","$1,634,538 ","$1,797,276 ","$1,623,533 ","$2,270,087 ","$2,016,307 ","$1,648,410 ","$1,487,067 ","$2,036,532 ","$2,025,682 ","$2,071,438 ","$2,150,852 ","$2,102,104 ","$2,790,521 ","$2,701,429 ","$2,815,888 ","$3,295,909 ","$4,086,326 ","$3,549,085 ","$2,920,029 ","$2,753,981 ","$2,918,294 ","$3,519,514 ","$3,618,365 ","$3,355,160 ","$3,860,291 ","$3,577,733 ","$4,193,838 ","$4,218,488 ","$4,775,258 ","$5,575,987 ","$6,096,945 ","$8,464,096 ","$6,757,027 ","$6,567,982 ","$9,356,372 ","$13,663,051 ","$14,432,352 ","12,244,765 ","13,588,772 ","13,861,148 ","11,741,122 ","10,465,276 ","$230,212,406 ",,,,,,,,,,,,
TOTAL,"$890,000 ","$1,400,000 ","$2,300,000 ","$2,570,600 ","$1,150,000 ","$920,000 ","$817,500 ","$900,000 ","$2,300,000 ","$8,308,772 ","$10,825,620 ","$9,963,397 ","$8,790,517 ","$17,311,031 ","$10,145,106 ","$11,904,903 ","$9,906,800 ","$14,423,994 ","$16,380,000 ","$17,100,000 ","$16,526,000 ","$15,318,273 ","$14,239,298 ","$14,250,666 ","$13,676,573 ","$16,673,077 ","$16,735,003 ","$19,235,998 ","$23,532,998 ","$26,320,000 ","$30,319,999 ","$31,675,001 ","$30,799,999 ","$34,455,000 ","$41,045,000 ","$47,385,000 ","$53,470,000 ","$58,600,000 ","$84,400,000 ","$62,900,000 ","$82,200,000 ","$89,000,000 ","$83,394,000 ","$116,960,000 ","$107,060,000 ","$88,450,000 ","$79,100,000 ","$107,471,100 ","$108,028,900 ","$109,900,000 ","$119,000,000 ","$117,200,000 ","$157,400,000 ","$150,600,000 ","$156,900,000 ","$182,081,113 ","$211,000,000 ","$202,377,513 ","$165,790,260 ","$154,808,373 ","$165,353,469 ","$193,168,232 ","$204,184,371 ","$188,656,906 ","$213,456,365 ","$203,674,379 ","$235,455,853 ","$233,310,443 ","$266,592,809 ","$309,686,579 ","$336,474,545 ","$472,719,710 ","$384,318,790 ","$371,274,752 ","$522,552,011 ","$760,973,830 ","808,492,189 ","695,141,699 ","780,031,696 ","797,160,652 ","673,586,164 ","601,827,014 ","$12,806,679,842 ",,,,,,,,,,,,
,,,,,,,,,,,,,,,,,,,,,,,,,,,,,,,,,,,,,,,,,,,,,,,,,,,,,,,,,,,,,,,,,,,,,,,,,,,,,,,,,,,,,,,,,,,,,,,
Wildlife Restoration Apportionment includes hunter education sections 4(c) and 10,,,,,,,,,,,,,,,,,,,,,,,,,,,,,,,,,,,,,,,,,,,,,,,,,,,,,,,,,,,,,,,,,,,,,,,,,,,,,,,,,,,,,,,,,,,,,,,